{"stats":{"minecraft:custom":{"minecraft:jump":4,"minecraft:time_since_rest":49973,"minecraft:crouch_one_cm":53,"minecraft:play_one_minute":49973,"minecraft:leave_game":2,"minecraft:sprint_one_cm":285,"minecraft:walk_one_cm":814,"minecraft:time_since_death":49973,"minecraft:sneak_time":554,"minecraft:fall_one_cm":1732,"minecraft:fly_one_cm":616127,"minecraft:drop":4},"minecraft:dropped":{"minecraft:stone_sword":1,"minecraft:stone_axe":1,"minecraft:stone_pickaxe":1,"minecraft:stone_shovel":1}},"DataVersion":2586}